-- AUTO-GENERATED by scripts/generate_price_tracker_seed.py
-- Seeds Safeway Bay Area baseline + weekly observations.

insert into canonical_products (id, display_name, product_family, size_label, sort_order) values ('strawberries', 'Strawberries', 'strawberries', '1 lb', 1) on conflict (id) do update set display_name = excluded.display_name, product_family = excluded.product_family, size_label = excluded.size_label, sort_order = excluded.sort_order;
insert into canonical_products (id, display_name, product_family, size_label, sort_order) values ('avocados', 'Hass Avocados', 'avocados', 'Each', 2) on conflict (id) do update set display_name = excluded.display_name, product_family = excluded.product_family, size_label = excluded.size_label, sort_order = excluded.sort_order;
insert into canonical_products (id, display_name, product_family, size_label, sort_order) values ('doritos_nacho_cheese', 'Doritos Nacho Cheese', 'doritos_nacho_cheese', '9.25 oz', 3) on conflict (id) do update set display_name = excluded.display_name, product_family = excluded.product_family, size_label = excluded.size_label, sort_order = excluded.sort_order;
insert into canonical_products (id, display_name, product_family, size_label, sort_order) values ('cheetos_crunchy', 'Cheetos Crunchy', 'cheetos_crunchy', '8.5 oz', 4) on conflict (id) do update set display_name = excluded.display_name, product_family = excluded.product_family, size_label = excluded.size_label, sort_order = excluded.sort_order;
insert into canonical_products (id, display_name, product_family, size_label, sort_order) values ('coke_zero', 'Coke Zero', 'coke_zero', '12 pack / 12 fl oz', 5) on conflict (id) do update set display_name = excluded.display_name, product_family = excluded.product_family, size_label = excluded.size_label, sort_order = excluded.sort_order;
insert into canonical_products (id, display_name, product_family, size_label, sort_order) values ('chobani_greek_yogurt', 'Chobani Greek Yogurt', 'chobani_greek_yogurt', '32 oz', 6) on conflict (id) do update set display_name = excluded.display_name, product_family = excluded.product_family, size_label = excluded.size_label, sort_order = excluded.sort_order;
insert into canonical_products (id, display_name, product_family, size_label, sort_order) values ('cheerios', 'Cheerios', 'cheerios', '8.9 oz', 7) on conflict (id) do update set display_name = excluded.display_name, product_family = excluded.product_family, size_label = excluded.size_label, sort_order = excluded.sort_order;
insert into canonical_products (id, display_name, product_family, size_label, sort_order) values ('tillamook_ice_cream', 'Tillamook Ice Cream', 'tillamook_ice_cream', '1.75 qt', 8) on conflict (id) do update set display_name = excluded.display_name, product_family = excluded.product_family, size_label = excluded.size_label, sort_order = excluded.sort_order;
insert into canonical_products (id, display_name, product_family, size_label, sort_order) values ('mission_tortilla_chips', 'Mission Tortilla Chips', 'mission_tortilla_chips', '11 oz', 9) on conflict (id) do update set display_name = excluded.display_name, product_family = excluded.product_family, size_label = excluded.size_label, sort_order = excluded.sort_order;
insert into canonical_products (id, display_name, product_family, size_label, sort_order) values ('nature_valley_bars', 'Nature Valley Bars', 'nature_valley_bars', '12 ct', 10) on conflict (id) do update set display_name = excluded.display_name, product_family = excluded.product_family, size_label = excluded.size_label, sort_order = excluded.sort_order;
insert into canonical_products (id, display_name, product_family, size_label, sort_order) values ('fage_greek_yogurt', 'Fage Greek Yogurt', 'fage_greek_yogurt', '32 oz', 11) on conflict (id) do update set display_name = excluded.display_name, product_family = excluded.product_family, size_label = excluded.size_label, sort_order = excluded.sort_order;
insert into canonical_products (id, display_name, product_family, size_label, sort_order) values ('frito_lay_multipack_chips', 'Frito-Lay Multipack Chips', 'frito_lay_multipack_chips', 'Multipack', 12) on conflict (id) do update set display_name = excluded.display_name, product_family = excluded.product_family, size_label = excluded.size_label, sort_order = excluded.sort_order;
insert into canonical_products (id, display_name, product_family, size_label, sort_order) values ('haagen_dazs_ice_cream', 'Häagen-Dazs Ice Cream', 'haagen_dazs_ice_cream', '14 oz', 13) on conflict (id) do update set display_name = excluded.display_name, product_family = excluded.product_family, size_label = excluded.size_label, sort_order = excluded.sort_order;
insert into canonical_products (id, display_name, product_family, size_label, sort_order) values ('grapes', 'Grapes', 'grapes', 'per lb', 14) on conflict (id) do update set display_name = excluded.display_name, product_family = excluded.product_family, size_label = excluded.size_label, sort_order = excluded.sort_order;
insert into canonical_products (id, display_name, product_family, size_label, sort_order) values ('eggs_18_count', 'Eggs, 18-count', 'eggs_18_count', '18 ct', 15) on conflict (id) do update set display_name = excluded.display_name, product_family = excluded.product_family, size_label = excluded.size_label, sort_order = excluded.sort_order;
insert into canonical_products (id, display_name, product_family, size_label, sort_order) values ('oreos_sandwich_cookies', 'Oreos / Sandwich Cookies', 'oreos_sandwich_cookies', 'Family size', 16) on conflict (id) do update set display_name = excluded.display_name, product_family = excluded.product_family, size_label = excluded.size_label, sort_order = excluded.sort_order;
insert into canonical_products (id, display_name, product_family, size_label, sort_order) values ('protein_bars', 'Protein Bars', 'protein_bars', 'Varies', 17) on conflict (id) do update set display_name = excluded.display_name, product_family = excluded.product_family, size_label = excluded.size_label, sort_order = excluded.sort_order;
insert into canonical_products (id, display_name, product_family, size_label, sort_order) values ('kettle_brand_chips', 'Kettle Brand Chips', 'kettle_brand_chips', '8 oz', 18) on conflict (id) do update set display_name = excluded.display_name, product_family = excluded.product_family, size_label = excluded.size_label, sort_order = excluded.sort_order;

insert into price_feeds (id, label, region_label, store_group, stores, sort_order) values ('safeway_bay_area', 'Safeway', 'Bay Area', 'safeway', array['Safeway'], 1), ('vons_albertsons_socal', 'Vons / Albertsons', 'SoCal', 'vons_albertsons', array['Vons','Albertsons'], 2), ('costco_sf', 'Costco', 'San Francisco', 'costco', array['Costco'], 3), ('costco_oc', 'Costco', 'Orange County', 'costco', array['Costco'], 4) on conflict (id) do update set label = excluded.label, region_label = excluded.region_label, store_group = excluded.store_group, stores = excluded.stores, sort_order = excluded.sort_order;

insert into feed_product_matches (canonical_product_id, feed_id, retailer_product_name, size, baseline_price, baseline_source) values ('strawberries', 'safeway_bay_area', 'Strawberries 1 lb', '1 lb', 4.99, 'Safeway search result CSV') on conflict (canonical_product_id, feed_id) do update set retailer_product_name = excluded.retailer_product_name, size = excluded.size, baseline_price = excluded.baseline_price, baseline_source = excluded.baseline_source;
insert into feed_product_matches (canonical_product_id, feed_id, retailer_product_name, size, baseline_price, baseline_source) values ('avocados', 'safeway_bay_area', 'Medium Hass Avocado', 'Each', 2.0, 'Safeway search result CSV') on conflict (canonical_product_id, feed_id) do update set retailer_product_name = excluded.retailer_product_name, size = excluded.size, baseline_price = excluded.baseline_price, baseline_source = excluded.baseline_source;
insert into feed_product_matches (canonical_product_id, feed_id, retailer_product_name, size, baseline_price, baseline_source) values ('doritos_nacho_cheese', 'safeway_bay_area', 'Doritos Nacho Cheese Tortilla Chips', '9.25 oz', 5.49, 'Safeway search result CSV') on conflict (canonical_product_id, feed_id) do update set retailer_product_name = excluded.retailer_product_name, size = excluded.size, baseline_price = excluded.baseline_price, baseline_source = excluded.baseline_source;
insert into feed_product_matches (canonical_product_id, feed_id, retailer_product_name, size, baseline_price, baseline_source) values ('cheetos_crunchy', 'safeway_bay_area', 'Cheetos Cheese Flavored Crunchy Snacks', '8.5 oz', 5.49, 'Safeway search result CSV') on conflict (canonical_product_id, feed_id) do update set retailer_product_name = excluded.retailer_product_name, size = excluded.size, baseline_price = excluded.baseline_price, baseline_source = excluded.baseline_source;
insert into feed_product_matches (canonical_product_id, feed_id, retailer_product_name, size, baseline_price, baseline_source) values ('coke_zero', 'safeway_bay_area', 'Coca-Cola Zero Sugar Soda', '12 pack / 12 fl oz', 12.99, 'Safeway search result CSV') on conflict (canonical_product_id, feed_id) do update set retailer_product_name = excluded.retailer_product_name, size = excluded.size, baseline_price = excluded.baseline_price, baseline_source = excluded.baseline_source;
insert into feed_product_matches (canonical_product_id, feed_id, retailer_product_name, size, baseline_price, baseline_source) values ('chobani_greek_yogurt', 'safeway_bay_area', 'Chobani Non-Fat Plain Greek Yogurt', '32 oz', 7.99, 'Safeway search result CSV') on conflict (canonical_product_id, feed_id) do update set retailer_product_name = excluded.retailer_product_name, size = excluded.size, baseline_price = excluded.baseline_price, baseline_source = excluded.baseline_source;
insert into feed_product_matches (canonical_product_id, feed_id, retailer_product_name, size, baseline_price, baseline_source) values ('cheerios', 'safeway_bay_area', 'Cheerios Whole Grain Oat Toasted Cereal', '8.9 oz', 6.99, 'Safeway search result CSV') on conflict (canonical_product_id, feed_id) do update set retailer_product_name = excluded.retailer_product_name, size = excluded.size, baseline_price = excluded.baseline_price, baseline_source = excluded.baseline_source;
insert into feed_product_matches (canonical_product_id, feed_id, retailer_product_name, size, baseline_price, baseline_source) values ('tillamook_ice_cream', 'safeway_bay_area', 'Tillamook Oregon Strawberry Ice Cream', '1.75 qt', 6.99, 'Safeway search result CSV') on conflict (canonical_product_id, feed_id) do update set retailer_product_name = excluded.retailer_product_name, size = excluded.size, baseline_price = excluded.baseline_price, baseline_source = excluded.baseline_source;
insert into feed_product_matches (canonical_product_id, feed_id, retailer_product_name, size, baseline_price, baseline_source) values ('mission_tortilla_chips', 'safeway_bay_area', 'Mission Round Yellow Corn Tortilla Chips', '11 oz', 4.49, 'Safeway search result CSV') on conflict (canonical_product_id, feed_id) do update set retailer_product_name = excluded.retailer_product_name, size = excluded.size, baseline_price = excluded.baseline_price, baseline_source = excluded.baseline_source;
insert into feed_product_matches (canonical_product_id, feed_id, retailer_product_name, size, baseline_price, baseline_source) values ('nature_valley_bars', 'safeway_bay_area', 'Nature Valley Crunchy Oats ''n Honey Granola Bars', '12 ct', 4.99, 'Safeway search result CSV') on conflict (canonical_product_id, feed_id) do update set retailer_product_name = excluded.retailer_product_name, size = excluded.size, baseline_price = excluded.baseline_price, baseline_source = excluded.baseline_source;

insert into weekly_price_observations (canonical_product_id, feed_id, week_start, week_end, ad_price, effective_price, match_confidence, price_type, is_baseline_fallback, source_label, offer_text) values ('avocados', 'safeway_bay_area', '2026-03-25', '2026-03-31', 1.67, 1.67, 'high', 'weekly_ad', false, 'Safeway weekly ad 03/25–03/31 · safeway 3-25 - 3-31.pdf', 'Hass Avocado') on conflict (canonical_product_id, feed_id, week_start) do update set week_end = excluded.week_end, ad_price = excluded.ad_price, effective_price = excluded.effective_price, match_confidence = excluded.match_confidence, price_type = excluded.price_type, is_baseline_fallback = excluded.is_baseline_fallback, source_label = excluded.source_label, offer_text = excluded.offer_text;
insert into weekly_price_observations (canonical_product_id, feed_id, week_start, week_end, ad_price, effective_price, match_confidence, price_type, is_baseline_fallback, source_label, offer_text) values ('avocados', 'safeway_bay_area', '2026-04-01', '2026-04-07', 0.97, 0.97, 'high', 'weekly_ad', false, 'Safeway weekly ad 04/01–04/07 · safeway 4-1 - 4-7.pdf', 'Hass Avocado') on conflict (canonical_product_id, feed_id, week_start) do update set week_end = excluded.week_end, ad_price = excluded.ad_price, effective_price = excluded.effective_price, match_confidence = excluded.match_confidence, price_type = excluded.price_type, is_baseline_fallback = excluded.is_baseline_fallback, source_label = excluded.source_label, offer_text = excluded.offer_text;
insert into weekly_price_observations (canonical_product_id, feed_id, week_start, week_end, ad_price, effective_price, match_confidence, price_type, is_baseline_fallback, source_label, offer_text) values ('avocados', 'safeway_bay_area', '2026-05-06', '2026-05-12', 1.67, 1.67, 'high', 'weekly_ad', false, 'Safeway weekly ad 05/06–05/12 · safeway 5-6 - 5-12.pdf', 'Hass Avocado') on conflict (canonical_product_id, feed_id, week_start) do update set week_end = excluded.week_end, ad_price = excluded.ad_price, effective_price = excluded.effective_price, match_confidence = excluded.match_confidence, price_type = excluded.price_type, is_baseline_fallback = excluded.is_baseline_fallback, source_label = excluded.source_label, offer_text = excluded.offer_text;
insert into weekly_price_observations (canonical_product_id, feed_id, week_start, week_end, ad_price, effective_price, match_confidence, price_type, is_baseline_fallback, source_label, offer_text) values ('avocados', 'safeway_bay_area', '2026-05-12', '2026-05-19', 1.25, 1.25, 'high', 'weekly_ad', false, 'Safeway weekly ad 05/12–05/19 · safeway 5-12 - 5-19.pdf', 'Hass Avocado') on conflict (canonical_product_id, feed_id, week_start) do update set week_end = excluded.week_end, ad_price = excluded.ad_price, effective_price = excluded.effective_price, match_confidence = excluded.match_confidence, price_type = excluded.price_type, is_baseline_fallback = excluded.is_baseline_fallback, source_label = excluded.source_label, offer_text = excluded.offer_text;
insert into weekly_price_observations (canonical_product_id, feed_id, week_start, week_end, ad_price, effective_price, match_confidence, price_type, is_baseline_fallback, source_label, offer_text) values ('avocados', 'safeway_bay_area', '2026-06-03', '2026-06-09', 1.67, 1.67, 'high', 'weekly_ad', false, 'Safeway weekly ad 06/03–06/09 · safeway 6-3 - 6-9.pdf', 'Hass Avocado') on conflict (canonical_product_id, feed_id, week_start) do update set week_end = excluded.week_end, ad_price = excluded.ad_price, effective_price = excluded.effective_price, match_confidence = excluded.match_confidence, price_type = excluded.price_type, is_baseline_fallback = excluded.is_baseline_fallback, source_label = excluded.source_label, offer_text = excluded.offer_text;
insert into weekly_price_observations (canonical_product_id, feed_id, week_start, week_end, ad_price, effective_price, match_confidence, price_type, is_baseline_fallback, source_label, offer_text) values ('avocados', 'safeway_bay_area', '2026-06-10', '2026-06-16', 0.99, 0.99, 'medium', 'weekly_ad', false, 'Safeway weekly ad 06/10–06/16 · safeway 6-10 - 6-16.pdf', 'Hass Avocado, Large Mango, Cucumber, Roma Tomato') on conflict (canonical_product_id, feed_id, week_start) do update set week_end = excluded.week_end, ad_price = excluded.ad_price, effective_price = excluded.effective_price, match_confidence = excluded.match_confidence, price_type = excluded.price_type, is_baseline_fallback = excluded.is_baseline_fallback, source_label = excluded.source_label, offer_text = excluded.offer_text;
insert into weekly_price_observations (canonical_product_id, feed_id, week_start, week_end, ad_price, effective_price, match_confidence, price_type, is_baseline_fallback, source_label, offer_text) values ('cheerios', 'safeway_bay_area', '2026-03-25', '2026-03-31', null, 6.99, null, 'baseline', true, 'Safeway weekly ad 03/25–03/31 · safeway 3-25 - 3-31.pdf', null) on conflict (canonical_product_id, feed_id, week_start) do update set week_end = excluded.week_end, ad_price = excluded.ad_price, effective_price = excluded.effective_price, match_confidence = excluded.match_confidence, price_type = excluded.price_type, is_baseline_fallback = excluded.is_baseline_fallback, source_label = excluded.source_label, offer_text = excluded.offer_text;
insert into weekly_price_observations (canonical_product_id, feed_id, week_start, week_end, ad_price, effective_price, match_confidence, price_type, is_baseline_fallback, source_label, offer_text) values ('cheerios', 'safeway_bay_area', '2026-04-01', '2026-04-07', null, 6.99, null, 'baseline', true, 'Safeway weekly ad 04/01–04/07 · safeway 4-1 - 4-7.pdf', null) on conflict (canonical_product_id, feed_id, week_start) do update set week_end = excluded.week_end, ad_price = excluded.ad_price, effective_price = excluded.effective_price, match_confidence = excluded.match_confidence, price_type = excluded.price_type, is_baseline_fallback = excluded.is_baseline_fallback, source_label = excluded.source_label, offer_text = excluded.offer_text;
insert into weekly_price_observations (canonical_product_id, feed_id, week_start, week_end, ad_price, effective_price, match_confidence, price_type, is_baseline_fallback, source_label, offer_text) values ('cheerios', 'safeway_bay_area', '2026-05-06', '2026-05-12', null, 6.99, null, 'baseline', true, 'Safeway weekly ad 05/06–05/12 · safeway 5-6 - 5-12.pdf', null) on conflict (canonical_product_id, feed_id, week_start) do update set week_end = excluded.week_end, ad_price = excluded.ad_price, effective_price = excluded.effective_price, match_confidence = excluded.match_confidence, price_type = excluded.price_type, is_baseline_fallback = excluded.is_baseline_fallback, source_label = excluded.source_label, offer_text = excluded.offer_text;
insert into weekly_price_observations (canonical_product_id, feed_id, week_start, week_end, ad_price, effective_price, match_confidence, price_type, is_baseline_fallback, source_label, offer_text) values ('cheerios', 'safeway_bay_area', '2026-05-12', '2026-05-19', 1.99, 1.99, 'high', 'weekly_ad', false, 'Safeway weekly ad 05/12–05/19 · safeway 5-12 - 5-19.pdf', 'General Mills Cheerios') on conflict (canonical_product_id, feed_id, week_start) do update set week_end = excluded.week_end, ad_price = excluded.ad_price, effective_price = excluded.effective_price, match_confidence = excluded.match_confidence, price_type = excluded.price_type, is_baseline_fallback = excluded.is_baseline_fallback, source_label = excluded.source_label, offer_text = excluded.offer_text;
insert into weekly_price_observations (canonical_product_id, feed_id, week_start, week_end, ad_price, effective_price, match_confidence, price_type, is_baseline_fallback, source_label, offer_text) values ('cheerios', 'safeway_bay_area', '2026-06-03', '2026-06-09', null, 6.99, null, 'baseline', true, 'Safeway weekly ad 06/03–06/09 · safeway 6-3 - 6-9.pdf', null) on conflict (canonical_product_id, feed_id, week_start) do update set week_end = excluded.week_end, ad_price = excluded.ad_price, effective_price = excluded.effective_price, match_confidence = excluded.match_confidence, price_type = excluded.price_type, is_baseline_fallback = excluded.is_baseline_fallback, source_label = excluded.source_label, offer_text = excluded.offer_text;
insert into weekly_price_observations (canonical_product_id, feed_id, week_start, week_end, ad_price, effective_price, match_confidence, price_type, is_baseline_fallback, source_label, offer_text) values ('cheerios', 'safeway_bay_area', '2026-06-10', '2026-06-16', null, 6.99, null, 'baseline', true, 'Safeway weekly ad 06/10–06/16 · safeway 6-10 - 6-16.pdf', null) on conflict (canonical_product_id, feed_id, week_start) do update set week_end = excluded.week_end, ad_price = excluded.ad_price, effective_price = excluded.effective_price, match_confidence = excluded.match_confidence, price_type = excluded.price_type, is_baseline_fallback = excluded.is_baseline_fallback, source_label = excluded.source_label, offer_text = excluded.offer_text;
insert into weekly_price_observations (canonical_product_id, feed_id, week_start, week_end, ad_price, effective_price, match_confidence, price_type, is_baseline_fallback, source_label, offer_text) values ('cheetos_crunchy', 'safeway_bay_area', '2026-03-25', '2026-03-31', null, 5.49, null, 'baseline', true, 'Safeway weekly ad 03/25–03/31 · safeway 3-25 - 3-31.pdf', 'Cheetos') on conflict (canonical_product_id, feed_id, week_start) do update set week_end = excluded.week_end, ad_price = excluded.ad_price, effective_price = excluded.effective_price, match_confidence = excluded.match_confidence, price_type = excluded.price_type, is_baseline_fallback = excluded.is_baseline_fallback, source_label = excluded.source_label, offer_text = excluded.offer_text;
insert into weekly_price_observations (canonical_product_id, feed_id, week_start, week_end, ad_price, effective_price, match_confidence, price_type, is_baseline_fallback, source_label, offer_text) values ('cheetos_crunchy', 'safeway_bay_area', '2026-04-01', '2026-04-07', null, 5.49, null, 'baseline', true, 'Safeway weekly ad 04/01–04/07 · safeway 4-1 - 4-7.pdf', null) on conflict (canonical_product_id, feed_id, week_start) do update set week_end = excluded.week_end, ad_price = excluded.ad_price, effective_price = excluded.effective_price, match_confidence = excluded.match_confidence, price_type = excluded.price_type, is_baseline_fallback = excluded.is_baseline_fallback, source_label = excluded.source_label, offer_text = excluded.offer_text;
insert into weekly_price_observations (canonical_product_id, feed_id, week_start, week_end, ad_price, effective_price, match_confidence, price_type, is_baseline_fallback, source_label, offer_text) values ('cheetos_crunchy', 'safeway_bay_area', '2026-05-06', '2026-05-12', null, 5.49, null, 'baseline', true, 'Safeway weekly ad 05/06–05/12 · safeway 5-6 - 5-12.pdf', null) on conflict (canonical_product_id, feed_id, week_start) do update set week_end = excluded.week_end, ad_price = excluded.ad_price, effective_price = excluded.effective_price, match_confidence = excluded.match_confidence, price_type = excluded.price_type, is_baseline_fallback = excluded.is_baseline_fallback, source_label = excluded.source_label, offer_text = excluded.offer_text;
insert into weekly_price_observations (canonical_product_id, feed_id, week_start, week_end, ad_price, effective_price, match_confidence, price_type, is_baseline_fallback, source_label, offer_text) values ('cheetos_crunchy', 'safeway_bay_area', '2026-05-12', '2026-05-19', 4.99, 4.99, 'medium', 'weekly_ad', false, 'Safeway weekly ad 05/12–05/19 · safeway 5-12 - 5-19.pdf', 'Cheetos, Tostitos, Fritos') on conflict (canonical_product_id, feed_id, week_start) do update set week_end = excluded.week_end, ad_price = excluded.ad_price, effective_price = excluded.effective_price, match_confidence = excluded.match_confidence, price_type = excluded.price_type, is_baseline_fallback = excluded.is_baseline_fallback, source_label = excluded.source_label, offer_text = excluded.offer_text;
insert into weekly_price_observations (canonical_product_id, feed_id, week_start, week_end, ad_price, effective_price, match_confidence, price_type, is_baseline_fallback, source_label, offer_text) values ('cheetos_crunchy', 'safeway_bay_area', '2026-06-03', '2026-06-09', 4.99, 4.99, 'medium', 'weekly_ad', false, 'Safeway weekly ad 06/03–06/09 · safeway 6-3 - 6-9.pdf', 'Cheetos, Rold Gold, Select Simply Cheetos 6.5-10 oz. Selected varieties.') on conflict (canonical_product_id, feed_id, week_start) do update set week_end = excluded.week_end, ad_price = excluded.ad_price, effective_price = excluded.effective_price, match_confidence = excluded.match_confidence, price_type = excluded.price_type, is_baseline_fallback = excluded.is_baseline_fallback, source_label = excluded.source_label, offer_text = excluded.offer_text;
insert into weekly_price_observations (canonical_product_id, feed_id, week_start, week_end, ad_price, effective_price, match_confidence, price_type, is_baseline_fallback, source_label, offer_text) values ('cheetos_crunchy', 'safeway_bay_area', '2026-06-10', '2026-06-16', null, 5.49, null, 'baseline', true, 'Safeway weekly ad 06/10–06/16 · safeway 6-10 - 6-16.pdf', 'Cheetos, Lay''s, Simply') on conflict (canonical_product_id, feed_id, week_start) do update set week_end = excluded.week_end, ad_price = excluded.ad_price, effective_price = excluded.effective_price, match_confidence = excluded.match_confidence, price_type = excluded.price_type, is_baseline_fallback = excluded.is_baseline_fallback, source_label = excluded.source_label, offer_text = excluded.offer_text;
insert into weekly_price_observations (canonical_product_id, feed_id, week_start, week_end, ad_price, effective_price, match_confidence, price_type, is_baseline_fallback, source_label, offer_text) values ('chobani_greek_yogurt', 'safeway_bay_area', '2026-03-25', '2026-03-31', 0.99, 0.99, 'medium', 'weekly_ad', false, 'Safeway weekly ad 03/25–03/31 · safeway 3-25 - 3-31.pdf', 'Chobani Greek, Less Sugar') on conflict (canonical_product_id, feed_id, week_start) do update set week_end = excluded.week_end, ad_price = excluded.ad_price, effective_price = excluded.effective_price, match_confidence = excluded.match_confidence, price_type = excluded.price_type, is_baseline_fallback = excluded.is_baseline_fallback, source_label = excluded.source_label, offer_text = excluded.offer_text;
insert into weekly_price_observations (canonical_product_id, feed_id, week_start, week_end, ad_price, effective_price, match_confidence, price_type, is_baseline_fallback, source_label, offer_text) values ('chobani_greek_yogurt', 'safeway_bay_area', '2026-04-01', '2026-04-07', 0.99, 0.99, 'medium', 'weekly_ad', false, 'Safeway weekly ad 04/01–04/07 · safeway 4-1 - 4-7.pdf', 'Chobani Greek Yogurt. Selected varieties.') on conflict (canonical_product_id, feed_id, week_start) do update set week_end = excluded.week_end, ad_price = excluded.ad_price, effective_price = excluded.effective_price, match_confidence = excluded.match_confidence, price_type = excluded.price_type, is_baseline_fallback = excluded.is_baseline_fallback, source_label = excluded.source_label, offer_text = excluded.offer_text;
insert into weekly_price_observations (canonical_product_id, feed_id, week_start, week_end, ad_price, effective_price, match_confidence, price_type, is_baseline_fallback, source_label, offer_text) values ('chobani_greek_yogurt', 'safeway_bay_area', '2026-05-06', '2026-05-12', 0.89, 0.89, 'medium', 'weekly_ad', false, 'Safeway weekly ad 05/06–05/12 · safeway 5-6 - 5-12.pdf', 'Chobani Greek, Less Sugar Yogurt 5.3-oz. 89¢ MEMBER PRICE clip') on conflict (canonical_product_id, feed_id, week_start) do update set week_end = excluded.week_end, ad_price = excluded.ad_price, effective_price = excluded.effective_price, match_confidence = excluded.match_confidence, price_type = excluded.price_type, is_baseline_fallback = excluded.is_baseline_fallback, source_label = excluded.source_label, offer_text = excluded.offer_text;
insert into weekly_price_observations (canonical_product_id, feed_id, week_start, week_end, ad_price, effective_price, match_confidence, price_type, is_baseline_fallback, source_label, offer_text) values ('chobani_greek_yogurt', 'safeway_bay_area', '2026-05-12', '2026-05-19', 0.99, 0.99, 'medium', 'weekly_ad', false, 'Safeway weekly ad 05/12–05/19 · safeway 5-12 - 5-19.pdf', 'Chobani Greek Yogurt') on conflict (canonical_product_id, feed_id, week_start) do update set week_end = excluded.week_end, ad_price = excluded.ad_price, effective_price = excluded.effective_price, match_confidence = excluded.match_confidence, price_type = excluded.price_type, is_baseline_fallback = excluded.is_baseline_fallback, source_label = excluded.source_label, offer_text = excluded.offer_text;
insert into weekly_price_observations (canonical_product_id, feed_id, week_start, week_end, ad_price, effective_price, match_confidence, price_type, is_baseline_fallback, source_label, offer_text) values ('chobani_greek_yogurt', 'safeway_bay_area', '2026-06-03', '2026-06-09', null, 7.99, null, 'baseline', true, 'Safeway weekly ad 06/03–06/09 · safeway 6-3 - 6-9.pdf', null) on conflict (canonical_product_id, feed_id, week_start) do update set week_end = excluded.week_end, ad_price = excluded.ad_price, effective_price = excluded.effective_price, match_confidence = excluded.match_confidence, price_type = excluded.price_type, is_baseline_fallback = excluded.is_baseline_fallback, source_label = excluded.source_label, offer_text = excluded.offer_text;
insert into weekly_price_observations (canonical_product_id, feed_id, week_start, week_end, ad_price, effective_price, match_confidence, price_type, is_baseline_fallback, source_label, offer_text) values ('chobani_greek_yogurt', 'safeway_bay_area', '2026-06-10', '2026-06-16', 2.99, 2.99, 'medium', 'weekly_ad', false, 'Safeway weekly ad 06/10–06/16 · safeway 6-10 - 6-16.pdf', 'Chobani Greek Yogurt 4-5.3 oz. Selected varieties.') on conflict (canonical_product_id, feed_id, week_start) do update set week_end = excluded.week_end, ad_price = excluded.ad_price, effective_price = excluded.effective_price, match_confidence = excluded.match_confidence, price_type = excluded.price_type, is_baseline_fallback = excluded.is_baseline_fallback, source_label = excluded.source_label, offer_text = excluded.offer_text;
insert into weekly_price_observations (canonical_product_id, feed_id, week_start, week_end, ad_price, effective_price, match_confidence, price_type, is_baseline_fallback, source_label, offer_text) values ('coke_zero', 'safeway_bay_area', '2026-03-25', '2026-03-31', null, 12.99, null, 'baseline', true, 'Safeway weekly ad 03/25–03/31 · safeway 3-25 - 3-31.pdf', null) on conflict (canonical_product_id, feed_id, week_start) do update set week_end = excluded.week_end, ad_price = excluded.ad_price, effective_price = excluded.effective_price, match_confidence = excluded.match_confidence, price_type = excluded.price_type, is_baseline_fallback = excluded.is_baseline_fallback, source_label = excluded.source_label, offer_text = excluded.offer_text;
insert into weekly_price_observations (canonical_product_id, feed_id, week_start, week_end, ad_price, effective_price, match_confidence, price_type, is_baseline_fallback, source_label, offer_text) values ('coke_zero', 'safeway_bay_area', '2026-04-01', '2026-04-07', null, 12.99, null, 'baseline', true, 'Safeway weekly ad 04/01–04/07 · safeway 4-1 - 4-7.pdf', null) on conflict (canonical_product_id, feed_id, week_start) do update set week_end = excluded.week_end, ad_price = excluded.ad_price, effective_price = excluded.effective_price, match_confidence = excluded.match_confidence, price_type = excluded.price_type, is_baseline_fallback = excluded.is_baseline_fallback, source_label = excluded.source_label, offer_text = excluded.offer_text;
insert into weekly_price_observations (canonical_product_id, feed_id, week_start, week_end, ad_price, effective_price, match_confidence, price_type, is_baseline_fallback, source_label, offer_text) values ('coke_zero', 'safeway_bay_area', '2026-05-06', '2026-05-12', null, 12.99, null, 'baseline', true, 'Safeway weekly ad 05/06–05/12 · safeway 5-6 - 5-12.pdf', null) on conflict (canonical_product_id, feed_id, week_start) do update set week_end = excluded.week_end, ad_price = excluded.ad_price, effective_price = excluded.effective_price, match_confidence = excluded.match_confidence, price_type = excluded.price_type, is_baseline_fallback = excluded.is_baseline_fallback, source_label = excluded.source_label, offer_text = excluded.offer_text;
insert into weekly_price_observations (canonical_product_id, feed_id, week_start, week_end, ad_price, effective_price, match_confidence, price_type, is_baseline_fallback, source_label, offer_text) values ('coke_zero', 'safeway_bay_area', '2026-05-12', '2026-05-19', null, 12.99, null, 'baseline', true, 'Safeway weekly ad 05/12–05/19 · safeway 5-12 - 5-19.pdf', null) on conflict (canonical_product_id, feed_id, week_start) do update set week_end = excluded.week_end, ad_price = excluded.ad_price, effective_price = excluded.effective_price, match_confidence = excluded.match_confidence, price_type = excluded.price_type, is_baseline_fallback = excluded.is_baseline_fallback, source_label = excluded.source_label, offer_text = excluded.offer_text;
insert into weekly_price_observations (canonical_product_id, feed_id, week_start, week_end, ad_price, effective_price, match_confidence, price_type, is_baseline_fallback, source_label, offer_text) values ('coke_zero', 'safeway_bay_area', '2026-06-03', '2026-06-09', null, 12.99, null, 'baseline', true, 'Safeway weekly ad 06/03–06/09 · safeway 6-3 - 6-9.pdf', null) on conflict (canonical_product_id, feed_id, week_start) do update set week_end = excluded.week_end, ad_price = excluded.ad_price, effective_price = excluded.effective_price, match_confidence = excluded.match_confidence, price_type = excluded.price_type, is_baseline_fallback = excluded.is_baseline_fallback, source_label = excluded.source_label, offer_text = excluded.offer_text;
insert into weekly_price_observations (canonical_product_id, feed_id, week_start, week_end, ad_price, effective_price, match_confidence, price_type, is_baseline_fallback, source_label, offer_text) values ('coke_zero', 'safeway_bay_area', '2026-06-10', '2026-06-16', null, 12.99, null, 'baseline', true, 'Safeway weekly ad 06/10–06/16 · safeway 6-10 - 6-16.pdf', null) on conflict (canonical_product_id, feed_id, week_start) do update set week_end = excluded.week_end, ad_price = excluded.ad_price, effective_price = excluded.effective_price, match_confidence = excluded.match_confidence, price_type = excluded.price_type, is_baseline_fallback = excluded.is_baseline_fallback, source_label = excluded.source_label, offer_text = excluded.offer_text;
insert into weekly_price_observations (canonical_product_id, feed_id, week_start, week_end, ad_price, effective_price, match_confidence, price_type, is_baseline_fallback, source_label, offer_text) values ('doritos_nacho_cheese', 'safeway_bay_area', '2026-03-25', '2026-03-31', 1.99, 1.99, 'high', 'weekly_ad', false, 'Safeway weekly ad 03/25–03/31 · safeway 3-25 - 3-31.pdf', 'Doritos Tortilla Chips') on conflict (canonical_product_id, feed_id, week_start) do update set week_end = excluded.week_end, ad_price = excluded.ad_price, effective_price = excluded.effective_price, match_confidence = excluded.match_confidence, price_type = excluded.price_type, is_baseline_fallback = excluded.is_baseline_fallback, source_label = excluded.source_label, offer_text = excluded.offer_text;
insert into weekly_price_observations (canonical_product_id, feed_id, week_start, week_end, ad_price, effective_price, match_confidence, price_type, is_baseline_fallback, source_label, offer_text) values ('doritos_nacho_cheese', 'safeway_bay_area', '2026-04-01', '2026-04-07', 1.99, 1.99, 'medium', 'weekly_ad', false, 'Safeway weekly ad 04/01–04/07 · safeway 4-1 - 4-7.pdf', 'Lay’s, Fritos, Doritos') on conflict (canonical_product_id, feed_id, week_start) do update set week_end = excluded.week_end, ad_price = excluded.ad_price, effective_price = excluded.effective_price, match_confidence = excluded.match_confidence, price_type = excluded.price_type, is_baseline_fallback = excluded.is_baseline_fallback, source_label = excluded.source_label, offer_text = excluded.offer_text;
insert into weekly_price_observations (canonical_product_id, feed_id, week_start, week_end, ad_price, effective_price, match_confidence, price_type, is_baseline_fallback, source_label, offer_text) values ('doritos_nacho_cheese', 'safeway_bay_area', '2026-05-06', '2026-05-12', null, 5.49, null, 'baseline', true, 'Safeway weekly ad 05/06–05/12 · safeway 5-6 - 5-12.pdf', 'Lay’s, Doritos, Tostitos') on conflict (canonical_product_id, feed_id, week_start) do update set week_end = excluded.week_end, ad_price = excluded.ad_price, effective_price = excluded.effective_price, match_confidence = excluded.match_confidence, price_type = excluded.price_type, is_baseline_fallback = excluded.is_baseline_fallback, source_label = excluded.source_label, offer_text = excluded.offer_text;
insert into weekly_price_observations (canonical_product_id, feed_id, week_start, week_end, ad_price, effective_price, match_confidence, price_type, is_baseline_fallback, source_label, offer_text) values ('doritos_nacho_cheese', 'safeway_bay_area', '2026-05-12', '2026-05-19', 4.99, 4.99, 'high', 'weekly_ad', false, 'Safeway weekly ad 05/12–05/19 · safeway 5-12 - 5-19.pdf', 'Doritos') on conflict (canonical_product_id, feed_id, week_start) do update set week_end = excluded.week_end, ad_price = excluded.ad_price, effective_price = excluded.effective_price, match_confidence = excluded.match_confidence, price_type = excluded.price_type, is_baseline_fallback = excluded.is_baseline_fallback, source_label = excluded.source_label, offer_text = excluded.offer_text;
insert into weekly_price_observations (canonical_product_id, feed_id, week_start, week_end, ad_price, effective_price, match_confidence, price_type, is_baseline_fallback, source_label, offer_text) values ('doritos_nacho_cheese', 'safeway_bay_area', '2026-06-03', '2026-06-09', 2.49, 2.49, 'medium', 'weekly_ad', false, 'Safeway weekly ad 06/03–06/09 · safeway 6-3 - 6-9.pdf', 'Ruffles, Doritos, SunChips') on conflict (canonical_product_id, feed_id, week_start) do update set week_end = excluded.week_end, ad_price = excluded.ad_price, effective_price = excluded.effective_price, match_confidence = excluded.match_confidence, price_type = excluded.price_type, is_baseline_fallback = excluded.is_baseline_fallback, source_label = excluded.source_label, offer_text = excluded.offer_text;
insert into weekly_price_observations (canonical_product_id, feed_id, week_start, week_end, ad_price, effective_price, match_confidence, price_type, is_baseline_fallback, source_label, offer_text) values ('doritos_nacho_cheese', 'safeway_bay_area', '2026-06-10', '2026-06-16', null, 5.49, null, 'baseline', true, 'Safeway weekly ad 06/10–06/16 · safeway 6-10 - 6-16.pdf', null) on conflict (canonical_product_id, feed_id, week_start) do update set week_end = excluded.week_end, ad_price = excluded.ad_price, effective_price = excluded.effective_price, match_confidence = excluded.match_confidence, price_type = excluded.price_type, is_baseline_fallback = excluded.is_baseline_fallback, source_label = excluded.source_label, offer_text = excluded.offer_text;
insert into weekly_price_observations (canonical_product_id, feed_id, week_start, week_end, ad_price, effective_price, match_confidence, price_type, is_baseline_fallback, source_label, offer_text) values ('eggs_18_count', 'safeway_bay_area', '2026-03-25', '2026-03-31', 0.58, 0.58, 'high', 'weekly_ad', false, 'Safeway weekly ad 03/25–03/31 · safeway 3-25 - 3-31.pdf', 'Eggland''s Best Large Eggs') on conflict (canonical_product_id, feed_id, week_start) do update set week_end = excluded.week_end, ad_price = excluded.ad_price, effective_price = excluded.effective_price, match_confidence = excluded.match_confidence, price_type = excluded.price_type, is_baseline_fallback = excluded.is_baseline_fallback, source_label = excluded.source_label, offer_text = excluded.offer_text;
insert into weekly_price_observations (canonical_product_id, feed_id, week_start, week_end, ad_price, effective_price, match_confidence, price_type, is_baseline_fallback, source_label, offer_text) values ('eggs_18_count', 'safeway_bay_area', '2026-04-01', '2026-04-07', 4.49, 4.49, 'medium', 'weekly_ad', false, 'Safeway weekly ad 04/01–04/07 · safeway 4-1 - 4-7.pdf', 'Hershey’s Eggs, Mini Eggs') on conflict (canonical_product_id, feed_id, week_start) do update set week_end = excluded.week_end, ad_price = excluded.ad_price, effective_price = excluded.effective_price, match_confidence = excluded.match_confidence, price_type = excluded.price_type, is_baseline_fallback = excluded.is_baseline_fallback, source_label = excluded.source_label, offer_text = excluded.offer_text;
insert into weekly_price_observations (canonical_product_id, feed_id, week_start, week_end, ad_price, effective_price, match_confidence, price_type, is_baseline_fallback, source_label, offer_text) values ('eggs_18_count', 'safeway_bay_area', '2026-05-06', '2026-05-12', 7.49, 7.49, 'medium', 'weekly_ad', false, 'Safeway weekly ad 05/06–05/12 · safeway 5-6 - 5-12.pdf', 'Happy Egg Free Range Eggs') on conflict (canonical_product_id, feed_id, week_start) do update set week_end = excluded.week_end, ad_price = excluded.ad_price, effective_price = excluded.effective_price, match_confidence = excluded.match_confidence, price_type = excluded.price_type, is_baseline_fallback = excluded.is_baseline_fallback, source_label = excluded.source_label, offer_text = excluded.offer_text;
insert into weekly_price_observations (canonical_product_id, feed_id, week_start, week_end, ad_price, effective_price, match_confidence, price_type, is_baseline_fallback, source_label, offer_text) values ('eggs_18_count', 'safeway_bay_area', '2026-06-03', '2026-06-09', 6.99, 6.99, 'medium', 'weekly_ad', false, 'Safeway weekly ad 06/03–06/09 · safeway 6-3 - 6-9.pdf', 'Pete & Gerry’s Free Range Organic Eggs 12 ct. Large, Grade A.') on conflict (canonical_product_id, feed_id, week_start) do update set week_end = excluded.week_end, ad_price = excluded.ad_price, effective_price = excluded.effective_price, match_confidence = excluded.match_confidence, price_type = excluded.price_type, is_baseline_fallback = excluded.is_baseline_fallback, source_label = excluded.source_label, offer_text = excluded.offer_text;
insert into weekly_price_observations (canonical_product_id, feed_id, week_start, week_end, ad_price, effective_price, match_confidence, price_type, is_baseline_fallback, source_label, offer_text) values ('eggs_18_count', 'safeway_bay_area', '2026-06-10', '2026-06-16', 2.99, 2.99, 'medium', 'weekly_ad', false, 'Safeway weekly ad 06/10–06/16 · safeway 6-10 - 6-16.pdf', 'Lucerne Cage Free Eggs Grade AA, 18-ct.') on conflict (canonical_product_id, feed_id, week_start) do update set week_end = excluded.week_end, ad_price = excluded.ad_price, effective_price = excluded.effective_price, match_confidence = excluded.match_confidence, price_type = excluded.price_type, is_baseline_fallback = excluded.is_baseline_fallback, source_label = excluded.source_label, offer_text = excluded.offer_text;
insert into weekly_price_observations (canonical_product_id, feed_id, week_start, week_end, ad_price, effective_price, match_confidence, price_type, is_baseline_fallback, source_label, offer_text) values ('fage_greek_yogurt', 'safeway_bay_area', '2026-05-12', '2026-05-19', 5.0, 5.0, 'high', 'weekly_ad', false, 'Safeway weekly ad 05/12–05/19 · safeway 5-12 - 5-19.pdf', 'Fage Greek Yogurt') on conflict (canonical_product_id, feed_id, week_start) do update set week_end = excluded.week_end, ad_price = excluded.ad_price, effective_price = excluded.effective_price, match_confidence = excluded.match_confidence, price_type = excluded.price_type, is_baseline_fallback = excluded.is_baseline_fallback, source_label = excluded.source_label, offer_text = excluded.offer_text;
insert into weekly_price_observations (canonical_product_id, feed_id, week_start, week_end, ad_price, effective_price, match_confidence, price_type, is_baseline_fallback, source_label, offer_text) values ('fage_greek_yogurt', 'safeway_bay_area', '2026-06-10', '2026-06-16', 5.99, 5.99, 'medium', 'weekly_ad', false, 'Safeway weekly ad 06/10–06/16 · safeway 6-10 - 6-16.pdf', 'Fage Yogurt') on conflict (canonical_product_id, feed_id, week_start) do update set week_end = excluded.week_end, ad_price = excluded.ad_price, effective_price = excluded.effective_price, match_confidence = excluded.match_confidence, price_type = excluded.price_type, is_baseline_fallback = excluded.is_baseline_fallback, source_label = excluded.source_label, offer_text = excluded.offer_text;
insert into weekly_price_observations (canonical_product_id, feed_id, week_start, week_end, ad_price, effective_price, match_confidence, price_type, is_baseline_fallback, source_label, offer_text) values ('frito_lay_multipack_chips', 'safeway_bay_area', '2026-05-06', '2026-05-12', 11.99, 11.99, 'medium', 'weekly_ad', false, 'Safeway weekly ad 05/06–05/12 · safeway 5-6 - 5-12.pdf', 'Hint Water Variety Pack') on conflict (canonical_product_id, feed_id, week_start) do update set week_end = excluded.week_end, ad_price = excluded.ad_price, effective_price = excluded.effective_price, match_confidence = excluded.match_confidence, price_type = excluded.price_type, is_baseline_fallback = excluded.is_baseline_fallback, source_label = excluded.source_label, offer_text = excluded.offer_text;
insert into weekly_price_observations (canonical_product_id, feed_id, week_start, week_end, ad_price, effective_price, match_confidence, price_type, is_baseline_fallback, source_label, offer_text) values ('frito_lay_multipack_chips', 'safeway_bay_area', '2026-05-12', '2026-05-19', 8.99, 8.99, 'high', 'weekly_ad', false, 'Safeway weekly ad 05/12–05/19 · safeway 5-12 - 5-19.pdf', 'Frito-Lay Variety Pack') on conflict (canonical_product_id, feed_id, week_start) do update set week_end = excluded.week_end, ad_price = excluded.ad_price, effective_price = excluded.effective_price, match_confidence = excluded.match_confidence, price_type = excluded.price_type, is_baseline_fallback = excluded.is_baseline_fallback, source_label = excluded.source_label, offer_text = excluded.offer_text;
insert into weekly_price_observations (canonical_product_id, feed_id, week_start, week_end, ad_price, effective_price, match_confidence, price_type, is_baseline_fallback, source_label, offer_text) values ('frito_lay_multipack_chips', 'safeway_bay_area', '2026-06-03', '2026-06-09', 9.99, 9.99, 'high', 'weekly_ad', false, 'Safeway weekly ad 06/03–06/09 · safeway 6-3 - 6-9.pdf', 'Frito-Lay Variety Pack 18 ct. Selected varieties.') on conflict (canonical_product_id, feed_id, week_start) do update set week_end = excluded.week_end, ad_price = excluded.ad_price, effective_price = excluded.effective_price, match_confidence = excluded.match_confidence, price_type = excluded.price_type, is_baseline_fallback = excluded.is_baseline_fallback, source_label = excluded.source_label, offer_text = excluded.offer_text;
insert into weekly_price_observations (canonical_product_id, feed_id, week_start, week_end, ad_price, effective_price, match_confidence, price_type, is_baseline_fallback, source_label, offer_text) values ('frito_lay_multipack_chips', 'safeway_bay_area', '2026-06-10', '2026-06-16', 14.0, 14.0, 'medium', 'weekly_ad', false, 'Safeway weekly ad 06/10–06/16 · safeway 6-10 - 6-16.pdf', 'Frito-Lay Flavor Mix 35 to 42-ct. Selected varieties.') on conflict (canonical_product_id, feed_id, week_start) do update set week_end = excluded.week_end, ad_price = excluded.ad_price, effective_price = excluded.effective_price, match_confidence = excluded.match_confidence, price_type = excluded.price_type, is_baseline_fallback = excluded.is_baseline_fallback, source_label = excluded.source_label, offer_text = excluded.offer_text;
insert into weekly_price_observations (canonical_product_id, feed_id, week_start, week_end, ad_price, effective_price, match_confidence, price_type, is_baseline_fallback, source_label, offer_text) values ('grapes', 'safeway_bay_area', '2026-03-25', '2026-03-31', 2.49, 2.49, 'high', 'weekly_ad', false, 'Safeway weekly ad 03/25–03/31 · safeway 3-25 - 3-31.pdf', 'Red Seedless Grapes') on conflict (canonical_product_id, feed_id, week_start) do update set week_end = excluded.week_end, ad_price = excluded.ad_price, effective_price = excluded.effective_price, match_confidence = excluded.match_confidence, price_type = excluded.price_type, is_baseline_fallback = excluded.is_baseline_fallback, source_label = excluded.source_label, offer_text = excluded.offer_text;
insert into weekly_price_observations (canonical_product_id, feed_id, week_start, week_end, ad_price, effective_price, match_confidence, price_type, is_baseline_fallback, source_label, offer_text) values ('grapes', 'safeway_bay_area', '2026-04-01', '2026-04-07', 4.99, 4.99, 'high', 'weekly_ad', false, 'Safeway weekly ad 04/01–04/07 · safeway 4-1 - 4-7.pdf', 'Pristine Green and Red Seedless Grapes') on conflict (canonical_product_id, feed_id, week_start) do update set week_end = excluded.week_end, ad_price = excluded.ad_price, effective_price = excluded.effective_price, match_confidence = excluded.match_confidence, price_type = excluded.price_type, is_baseline_fallback = excluded.is_baseline_fallback, source_label = excluded.source_label, offer_text = excluded.offer_text;
insert into weekly_price_observations (canonical_product_id, feed_id, week_start, week_end, ad_price, effective_price, match_confidence, price_type, is_baseline_fallback, source_label, offer_text) values ('grapes', 'safeway_bay_area', '2026-05-12', '2026-05-19', 2.49, 2.49, 'high', 'weekly_ad', false, 'Safeway weekly ad 05/12–05/19 · safeway 5-12 - 5-19.pdf', 'Red Seedless Grapes') on conflict (canonical_product_id, feed_id, week_start) do update set week_end = excluded.week_end, ad_price = excluded.ad_price, effective_price = excluded.effective_price, match_confidence = excluded.match_confidence, price_type = excluded.price_type, is_baseline_fallback = excluded.is_baseline_fallback, source_label = excluded.source_label, offer_text = excluded.offer_text;
insert into weekly_price_observations (canonical_product_id, feed_id, week_start, week_end, ad_price, effective_price, match_confidence, price_type, is_baseline_fallback, source_label, offer_text) values ('grapes', 'safeway_bay_area', '2026-06-03', '2026-06-09', 5.0, 5.0, 'high', 'weekly_ad', false, 'Safeway weekly ad 06/03–06/09 · safeway 6-3 - 6-9.pdf', 'Red Seedless Grapes') on conflict (canonical_product_id, feed_id, week_start) do update set week_end = excluded.week_end, ad_price = excluded.ad_price, effective_price = excluded.effective_price, match_confidence = excluded.match_confidence, price_type = excluded.price_type, is_baseline_fallback = excluded.is_baseline_fallback, source_label = excluded.source_label, offer_text = excluded.offer_text;
insert into weekly_price_observations (canonical_product_id, feed_id, week_start, week_end, ad_price, effective_price, match_confidence, price_type, is_baseline_fallback, source_label, offer_text) values ('grapes', 'safeway_bay_area', '2026-06-10', '2026-06-16', 1.99, 1.99, 'high', 'weekly_ad', false, 'Safeway weekly ad 06/10–06/16 · safeway 6-10 - 6-16.pdf', 'Red Seedless Grapes') on conflict (canonical_product_id, feed_id, week_start) do update set week_end = excluded.week_end, ad_price = excluded.ad_price, effective_price = excluded.effective_price, match_confidence = excluded.match_confidence, price_type = excluded.price_type, is_baseline_fallback = excluded.is_baseline_fallback, source_label = excluded.source_label, offer_text = excluded.offer_text;
insert into weekly_price_observations (canonical_product_id, feed_id, week_start, week_end, ad_price, effective_price, match_confidence, price_type, is_baseline_fallback, source_label, offer_text) values ('haagen_dazs_ice_cream', 'safeway_bay_area', '2026-03-25', '2026-03-31', 1.25, 1.25, 'medium', 'weekly_ad', false, 'Safeway weekly ad 03/25–03/31 · safeway 3-25 - 3-31.pdf', 'Klondike Ice Cream Bars 6 ct, Jell-O Gelatin') on conflict (canonical_product_id, feed_id, week_start) do update set week_end = excluded.week_end, ad_price = excluded.ad_price, effective_price = excluded.effective_price, match_confidence = excluded.match_confidence, price_type = excluded.price_type, is_baseline_fallback = excluded.is_baseline_fallback, source_label = excluded.source_label, offer_text = excluded.offer_text;
insert into weekly_price_observations (canonical_product_id, feed_id, week_start, week_end, ad_price, effective_price, match_confidence, price_type, is_baseline_fallback, source_label, offer_text) values ('haagen_dazs_ice_cream', 'safeway_bay_area', '2026-04-01', '2026-04-07', 3.5, 3.5, 'medium', 'weekly_ad', false, 'Safeway weekly ad 04/01–04/07 · safeway 4-1 - 4-7.pdf', 'Häagen-Dazs Ice Cream Novelties') on conflict (canonical_product_id, feed_id, week_start) do update set week_end = excluded.week_end, ad_price = excluded.ad_price, effective_price = excluded.effective_price, match_confidence = excluded.match_confidence, price_type = excluded.price_type, is_baseline_fallback = excluded.is_baseline_fallback, source_label = excluded.source_label, offer_text = excluded.offer_text;
insert into weekly_price_observations (canonical_product_id, feed_id, week_start, week_end, ad_price, effective_price, match_confidence, price_type, is_baseline_fallback, source_label, offer_text) values ('haagen_dazs_ice_cream', 'safeway_bay_area', '2026-05-12', '2026-05-19', 2.99, 2.99, 'medium', 'weekly_ad', false, 'Safeway weekly ad 05/12–05/19 · safeway 5-12 - 5-19.pdf', 'Dreyer''s Ice Cream 1.5 qt., Haagen-Dazs Ice Cream 14 oz., Novelties 3-6 ct., Nestle Outshine Fruit Bars 6-12 ct.') on conflict (canonical_product_id, feed_id, week_start) do update set week_end = excluded.week_end, ad_price = excluded.ad_price, effective_price = excluded.effective_price, match_confidence = excluded.match_confidence, price_type = excluded.price_type, is_baseline_fallback = excluded.is_baseline_fallback, source_label = excluded.source_label, offer_text = excluded.offer_text;
insert into weekly_price_observations (canonical_product_id, feed_id, week_start, week_end, ad_price, effective_price, match_confidence, price_type, is_baseline_fallback, source_label, offer_text) values ('kettle_brand_chips', 'safeway_bay_area', '2026-03-25', '2026-03-31', 5.0, 5.0, 'medium', 'weekly_ad', false, 'Safeway weekly ad 03/25–03/31 · safeway 3-25 - 3-31.pdf', 'Kettle Chips') on conflict (canonical_product_id, feed_id, week_start) do update set week_end = excluded.week_end, ad_price = excluded.ad_price, effective_price = excluded.effective_price, match_confidence = excluded.match_confidence, price_type = excluded.price_type, is_baseline_fallback = excluded.is_baseline_fallback, source_label = excluded.source_label, offer_text = excluded.offer_text;
insert into weekly_price_observations (canonical_product_id, feed_id, week_start, week_end, ad_price, effective_price, match_confidence, price_type, is_baseline_fallback, source_label, offer_text) values ('kettle_brand_chips', 'safeway_bay_area', '2026-04-01', '2026-04-07', 5.0, 5.0, 'high', 'weekly_ad', false, 'Safeway weekly ad 04/01–04/07 · safeway 4-1 - 4-7.pdf', 'Kettle Brand Potato Chips 6-8.5 oz') on conflict (canonical_product_id, feed_id, week_start) do update set week_end = excluded.week_end, ad_price = excluded.ad_price, effective_price = excluded.effective_price, match_confidence = excluded.match_confidence, price_type = excluded.price_type, is_baseline_fallback = excluded.is_baseline_fallback, source_label = excluded.source_label, offer_text = excluded.offer_text;
insert into weekly_price_observations (canonical_product_id, feed_id, week_start, week_end, ad_price, effective_price, match_confidence, price_type, is_baseline_fallback, source_label, offer_text) values ('kettle_brand_chips', 'safeway_bay_area', '2026-06-03', '2026-06-09', 1.99, 1.99, 'high', 'weekly_ad', false, 'Safeway weekly ad 06/03–06/09 · safeway 6-3 - 6-9.pdf', 'Kettle Brand Potato Chips') on conflict (canonical_product_id, feed_id, week_start) do update set week_end = excluded.week_end, ad_price = excluded.ad_price, effective_price = excluded.effective_price, match_confidence = excluded.match_confidence, price_type = excluded.price_type, is_baseline_fallback = excluded.is_baseline_fallback, source_label = excluded.source_label, offer_text = excluded.offer_text;
insert into weekly_price_observations (canonical_product_id, feed_id, week_start, week_end, ad_price, effective_price, match_confidence, price_type, is_baseline_fallback, source_label, offer_text) values ('mission_tortilla_chips', 'safeway_bay_area', '2026-03-25', '2026-03-31', null, 4.49, null, 'baseline', true, 'Safeway weekly ad 03/25–03/31 · safeway 3-25 - 3-31.pdf', null) on conflict (canonical_product_id, feed_id, week_start) do update set week_end = excluded.week_end, ad_price = excluded.ad_price, effective_price = excluded.effective_price, match_confidence = excluded.match_confidence, price_type = excluded.price_type, is_baseline_fallback = excluded.is_baseline_fallback, source_label = excluded.source_label, offer_text = excluded.offer_text;
insert into weekly_price_observations (canonical_product_id, feed_id, week_start, week_end, ad_price, effective_price, match_confidence, price_type, is_baseline_fallback, source_label, offer_text) values ('mission_tortilla_chips', 'safeway_bay_area', '2026-04-01', '2026-04-07', null, 4.49, null, 'baseline', true, 'Safeway weekly ad 04/01–04/07 · safeway 4-1 - 4-7.pdf', null) on conflict (canonical_product_id, feed_id, week_start) do update set week_end = excluded.week_end, ad_price = excluded.ad_price, effective_price = excluded.effective_price, match_confidence = excluded.match_confidence, price_type = excluded.price_type, is_baseline_fallback = excluded.is_baseline_fallback, source_label = excluded.source_label, offer_text = excluded.offer_text;
insert into weekly_price_observations (canonical_product_id, feed_id, week_start, week_end, ad_price, effective_price, match_confidence, price_type, is_baseline_fallback, source_label, offer_text) values ('mission_tortilla_chips', 'safeway_bay_area', '2026-05-06', '2026-05-12', 4.99, 4.99, 'high', 'weekly_ad', false, 'Safeway weekly ad 05/06–05/12 · safeway 5-6 - 5-12.pdf', 'Mission Tortilla Chips') on conflict (canonical_product_id, feed_id, week_start) do update set week_end = excluded.week_end, ad_price = excluded.ad_price, effective_price = excluded.effective_price, match_confidence = excluded.match_confidence, price_type = excluded.price_type, is_baseline_fallback = excluded.is_baseline_fallback, source_label = excluded.source_label, offer_text = excluded.offer_text;
insert into weekly_price_observations (canonical_product_id, feed_id, week_start, week_end, ad_price, effective_price, match_confidence, price_type, is_baseline_fallback, source_label, offer_text) values ('mission_tortilla_chips', 'safeway_bay_area', '2026-05-12', '2026-05-19', null, 4.49, null, 'baseline', true, 'Safeway weekly ad 05/12–05/19 · safeway 5-12 - 5-19.pdf', null) on conflict (canonical_product_id, feed_id, week_start) do update set week_end = excluded.week_end, ad_price = excluded.ad_price, effective_price = excluded.effective_price, match_confidence = excluded.match_confidence, price_type = excluded.price_type, is_baseline_fallback = excluded.is_baseline_fallback, source_label = excluded.source_label, offer_text = excluded.offer_text;
insert into weekly_price_observations (canonical_product_id, feed_id, week_start, week_end, ad_price, effective_price, match_confidence, price_type, is_baseline_fallback, source_label, offer_text) values ('mission_tortilla_chips', 'safeway_bay_area', '2026-06-03', '2026-06-09', null, 4.49, null, 'baseline', true, 'Safeway weekly ad 06/03–06/09 · safeway 6-3 - 6-9.pdf', null) on conflict (canonical_product_id, feed_id, week_start) do update set week_end = excluded.week_end, ad_price = excluded.ad_price, effective_price = excluded.effective_price, match_confidence = excluded.match_confidence, price_type = excluded.price_type, is_baseline_fallback = excluded.is_baseline_fallback, source_label = excluded.source_label, offer_text = excluded.offer_text;
insert into weekly_price_observations (canonical_product_id, feed_id, week_start, week_end, ad_price, effective_price, match_confidence, price_type, is_baseline_fallback, source_label, offer_text) values ('mission_tortilla_chips', 'safeway_bay_area', '2026-06-10', '2026-06-16', null, 4.49, null, 'baseline', true, 'Safeway weekly ad 06/10–06/16 · safeway 6-10 - 6-16.pdf', null) on conflict (canonical_product_id, feed_id, week_start) do update set week_end = excluded.week_end, ad_price = excluded.ad_price, effective_price = excluded.effective_price, match_confidence = excluded.match_confidence, price_type = excluded.price_type, is_baseline_fallback = excluded.is_baseline_fallback, source_label = excluded.source_label, offer_text = excluded.offer_text;
insert into weekly_price_observations (canonical_product_id, feed_id, week_start, week_end, ad_price, effective_price, match_confidence, price_type, is_baseline_fallback, source_label, offer_text) values ('nature_valley_bars', 'safeway_bay_area', '2026-03-25', '2026-03-31', null, 4.99, null, 'baseline', true, 'Safeway weekly ad 03/25–03/31 · safeway 3-25 - 3-31.pdf', null) on conflict (canonical_product_id, feed_id, week_start) do update set week_end = excluded.week_end, ad_price = excluded.ad_price, effective_price = excluded.effective_price, match_confidence = excluded.match_confidence, price_type = excluded.price_type, is_baseline_fallback = excluded.is_baseline_fallback, source_label = excluded.source_label, offer_text = excluded.offer_text;
insert into weekly_price_observations (canonical_product_id, feed_id, week_start, week_end, ad_price, effective_price, match_confidence, price_type, is_baseline_fallback, source_label, offer_text) values ('nature_valley_bars', 'safeway_bay_area', '2026-04-01', '2026-04-07', null, 4.99, null, 'baseline', true, 'Safeway weekly ad 04/01–04/07 · safeway 4-1 - 4-7.pdf', null) on conflict (canonical_product_id, feed_id, week_start) do update set week_end = excluded.week_end, ad_price = excluded.ad_price, effective_price = excluded.effective_price, match_confidence = excluded.match_confidence, price_type = excluded.price_type, is_baseline_fallback = excluded.is_baseline_fallback, source_label = excluded.source_label, offer_text = excluded.offer_text;
insert into weekly_price_observations (canonical_product_id, feed_id, week_start, week_end, ad_price, effective_price, match_confidence, price_type, is_baseline_fallback, source_label, offer_text) values ('nature_valley_bars', 'safeway_bay_area', '2026-05-06', '2026-05-12', null, 4.99, null, 'baseline', true, 'Safeway weekly ad 05/06–05/12 · safeway 5-6 - 5-12.pdf', null) on conflict (canonical_product_id, feed_id, week_start) do update set week_end = excluded.week_end, ad_price = excluded.ad_price, effective_price = excluded.effective_price, match_confidence = excluded.match_confidence, price_type = excluded.price_type, is_baseline_fallback = excluded.is_baseline_fallback, source_label = excluded.source_label, offer_text = excluded.offer_text;
insert into weekly_price_observations (canonical_product_id, feed_id, week_start, week_end, ad_price, effective_price, match_confidence, price_type, is_baseline_fallback, source_label, offer_text) values ('nature_valley_bars', 'safeway_bay_area', '2026-05-12', '2026-05-19', 1.99, 1.99, 'high', 'weekly_ad', false, 'Safeway weekly ad 05/12–05/19 · safeway 5-12 - 5-19.pdf', 'Nature Valley Bars') on conflict (canonical_product_id, feed_id, week_start) do update set week_end = excluded.week_end, ad_price = excluded.ad_price, effective_price = excluded.effective_price, match_confidence = excluded.match_confidence, price_type = excluded.price_type, is_baseline_fallback = excluded.is_baseline_fallback, source_label = excluded.source_label, offer_text = excluded.offer_text;
insert into weekly_price_observations (canonical_product_id, feed_id, week_start, week_end, ad_price, effective_price, match_confidence, price_type, is_baseline_fallback, source_label, offer_text) values ('nature_valley_bars', 'safeway_bay_area', '2026-06-03', '2026-06-09', null, 4.99, null, 'baseline', true, 'Safeway weekly ad 06/03–06/09 · safeway 6-3 - 6-9.pdf', null) on conflict (canonical_product_id, feed_id, week_start) do update set week_end = excluded.week_end, ad_price = excluded.ad_price, effective_price = excluded.effective_price, match_confidence = excluded.match_confidence, price_type = excluded.price_type, is_baseline_fallback = excluded.is_baseline_fallback, source_label = excluded.source_label, offer_text = excluded.offer_text;
insert into weekly_price_observations (canonical_product_id, feed_id, week_start, week_end, ad_price, effective_price, match_confidence, price_type, is_baseline_fallback, source_label, offer_text) values ('nature_valley_bars', 'safeway_bay_area', '2026-06-10', '2026-06-16', 1.79, 1.79, 'high', 'weekly_ad', false, 'Safeway weekly ad 06/10–06/16 · safeway 6-10 - 6-16.pdf', 'Nature Valley Bars 5-6 ct.') on conflict (canonical_product_id, feed_id, week_start) do update set week_end = excluded.week_end, ad_price = excluded.ad_price, effective_price = excluded.effective_price, match_confidence = excluded.match_confidence, price_type = excluded.price_type, is_baseline_fallback = excluded.is_baseline_fallback, source_label = excluded.source_label, offer_text = excluded.offer_text;
insert into weekly_price_observations (canonical_product_id, feed_id, week_start, week_end, ad_price, effective_price, match_confidence, price_type, is_baseline_fallback, source_label, offer_text) values ('oreos_sandwich_cookies', 'safeway_bay_area', '2026-05-06', '2026-05-12', 3.49, 3.49, 'medium', 'weekly_ad', false, 'Safeway weekly ad 05/06–05/12 · safeway 5-6 - 5-12.pdf', 'Nabisco Family Size Oreo Cookies or Chips Ahoy! Cookies 13.1 to 20-oz.') on conflict (canonical_product_id, feed_id, week_start) do update set week_end = excluded.week_end, ad_price = excluded.ad_price, effective_price = excluded.effective_price, match_confidence = excluded.match_confidence, price_type = excluded.price_type, is_baseline_fallback = excluded.is_baseline_fallback, source_label = excluded.source_label, offer_text = excluded.offer_text;
insert into weekly_price_observations (canonical_product_id, feed_id, week_start, week_end, ad_price, effective_price, match_confidence, price_type, is_baseline_fallback, source_label, offer_text) values ('protein_bars', 'safeway_bay_area', '2026-03-25', '2026-03-31', 8.99, 8.99, 'high', 'weekly_ad', false, 'Safeway weekly ad 03/25–03/31 · safeway 3-25 - 3-31.pdf', 'Built Protein Bars') on conflict (canonical_product_id, feed_id, week_start) do update set week_end = excluded.week_end, ad_price = excluded.ad_price, effective_price = excluded.effective_price, match_confidence = excluded.match_confidence, price_type = excluded.price_type, is_baseline_fallback = excluded.is_baseline_fallback, source_label = excluded.source_label, offer_text = excluded.offer_text;
insert into weekly_price_observations (canonical_product_id, feed_id, week_start, week_end, ad_price, effective_price, match_confidence, price_type, is_baseline_fallback, source_label, offer_text) values ('protein_bars', 'safeway_bay_area', '2026-05-12', '2026-05-19', 11.99, 11.99, 'high', 'weekly_ad', false, 'Safeway weekly ad 05/12–05/19 · safeway 5-12 - 5-19.pdf', 'CLIF BUILDERS Protein Bars 12 ct.') on conflict (canonical_product_id, feed_id, week_start) do update set week_end = excluded.week_end, ad_price = excluded.ad_price, effective_price = excluded.effective_price, match_confidence = excluded.match_confidence, price_type = excluded.price_type, is_baseline_fallback = excluded.is_baseline_fallback, source_label = excluded.source_label, offer_text = excluded.offer_text;
insert into weekly_price_observations (canonical_product_id, feed_id, week_start, week_end, ad_price, effective_price, match_confidence, price_type, is_baseline_fallback, source_label, offer_text) values ('protein_bars', 'safeway_bay_area', '2026-06-03', '2026-06-09', 7.99, 7.99, 'high', 'weekly_ad', false, 'Safeway weekly ad 06/03–06/09 · safeway 6-3 - 6-9.pdf', 'Perfect Bar Refrigerated Protein Bars 4-8 ct. Selected varieties.') on conflict (canonical_product_id, feed_id, week_start) do update set week_end = excluded.week_end, ad_price = excluded.ad_price, effective_price = excluded.effective_price, match_confidence = excluded.match_confidence, price_type = excluded.price_type, is_baseline_fallback = excluded.is_baseline_fallback, source_label = excluded.source_label, offer_text = excluded.offer_text;
insert into weekly_price_observations (canonical_product_id, feed_id, week_start, week_end, ad_price, effective_price, match_confidence, price_type, is_baseline_fallback, source_label, offer_text) values ('strawberries', 'safeway_bay_area', '2026-03-25', '2026-03-31', 2.5, 2.5, 'high', 'weekly_ad', false, 'Safeway weekly ad 03/25–03/31 · safeway 3-25 - 3-31.pdf', 'Strawberries') on conflict (canonical_product_id, feed_id, week_start) do update set week_end = excluded.week_end, ad_price = excluded.ad_price, effective_price = excluded.effective_price, match_confidence = excluded.match_confidence, price_type = excluded.price_type, is_baseline_fallback = excluded.is_baseline_fallback, source_label = excluded.source_label, offer_text = excluded.offer_text;
insert into weekly_price_observations (canonical_product_id, feed_id, week_start, week_end, ad_price, effective_price, match_confidence, price_type, is_baseline_fallback, source_label, offer_text) values ('strawberries', 'safeway_bay_area', '2026-04-01', '2026-04-07', null, 4.99, null, 'baseline', true, 'Safeway weekly ad 04/01–04/07 · safeway 4-1 - 4-7.pdf', null) on conflict (canonical_product_id, feed_id, week_start) do update set week_end = excluded.week_end, ad_price = excluded.ad_price, effective_price = excluded.effective_price, match_confidence = excluded.match_confidence, price_type = excluded.price_type, is_baseline_fallback = excluded.is_baseline_fallback, source_label = excluded.source_label, offer_text = excluded.offer_text;
insert into weekly_price_observations (canonical_product_id, feed_id, week_start, week_end, ad_price, effective_price, match_confidence, price_type, is_baseline_fallback, source_label, offer_text) values ('strawberries', 'safeway_bay_area', '2026-05-06', '2026-05-12', null, 4.99, null, 'baseline', true, 'Safeway weekly ad 05/06–05/12 · safeway 5-6 - 5-12.pdf', null) on conflict (canonical_product_id, feed_id, week_start) do update set week_end = excluded.week_end, ad_price = excluded.ad_price, effective_price = excluded.effective_price, match_confidence = excluded.match_confidence, price_type = excluded.price_type, is_baseline_fallback = excluded.is_baseline_fallback, source_label = excluded.source_label, offer_text = excluded.offer_text;
insert into weekly_price_observations (canonical_product_id, feed_id, week_start, week_end, ad_price, effective_price, match_confidence, price_type, is_baseline_fallback, source_label, offer_text) values ('strawberries', 'safeway_bay_area', '2026-05-12', '2026-05-19', 4.99, 4.99, 'medium', 'weekly_ad', false, 'Safeway weekly ad 05/12–05/19 · safeway 5-12 - 5-19.pdf', 'Strawberries LARGE PACK') on conflict (canonical_product_id, feed_id, week_start) do update set week_end = excluded.week_end, ad_price = excluded.ad_price, effective_price = excluded.effective_price, match_confidence = excluded.match_confidence, price_type = excluded.price_type, is_baseline_fallback = excluded.is_baseline_fallback, source_label = excluded.source_label, offer_text = excluded.offer_text;
insert into weekly_price_observations (canonical_product_id, feed_id, week_start, week_end, ad_price, effective_price, match_confidence, price_type, is_baseline_fallback, source_label, offer_text) values ('strawberries', 'safeway_bay_area', '2026-06-03', '2026-06-09', 4.99, 4.99, 'medium', 'weekly_ad', false, 'Safeway weekly ad 06/03–06/09 · safeway 6-3 - 6-9.pdf', 'Strawberries') on conflict (canonical_product_id, feed_id, week_start) do update set week_end = excluded.week_end, ad_price = excluded.ad_price, effective_price = excluded.effective_price, match_confidence = excluded.match_confidence, price_type = excluded.price_type, is_baseline_fallback = excluded.is_baseline_fallback, source_label = excluded.source_label, offer_text = excluded.offer_text;
insert into weekly_price_observations (canonical_product_id, feed_id, week_start, week_end, ad_price, effective_price, match_confidence, price_type, is_baseline_fallback, source_label, offer_text) values ('strawberries', 'safeway_bay_area', '2026-06-10', '2026-06-16', 5.0, 5.0, 'medium', 'weekly_ad', false, 'Safeway weekly ad 06/10–06/16 · safeway 6-10 - 6-16.pdf', 'Strawberries LARGE PACK') on conflict (canonical_product_id, feed_id, week_start) do update set week_end = excluded.week_end, ad_price = excluded.ad_price, effective_price = excluded.effective_price, match_confidence = excluded.match_confidence, price_type = excluded.price_type, is_baseline_fallback = excluded.is_baseline_fallback, source_label = excluded.source_label, offer_text = excluded.offer_text;
insert into weekly_price_observations (canonical_product_id, feed_id, week_start, week_end, ad_price, effective_price, match_confidence, price_type, is_baseline_fallback, source_label, offer_text) values ('tillamook_ice_cream', 'safeway_bay_area', '2026-03-25', '2026-03-31', null, 6.99, null, 'baseline', true, 'Safeway weekly ad 03/25–03/31 · safeway 3-25 - 3-31.pdf', null) on conflict (canonical_product_id, feed_id, week_start) do update set week_end = excluded.week_end, ad_price = excluded.ad_price, effective_price = excluded.effective_price, match_confidence = excluded.match_confidence, price_type = excluded.price_type, is_baseline_fallback = excluded.is_baseline_fallback, source_label = excluded.source_label, offer_text = excluded.offer_text;
insert into weekly_price_observations (canonical_product_id, feed_id, week_start, week_end, ad_price, effective_price, match_confidence, price_type, is_baseline_fallback, source_label, offer_text) values ('tillamook_ice_cream', 'safeway_bay_area', '2026-04-01', '2026-04-07', null, 6.99, null, 'baseline', true, 'Safeway weekly ad 04/01–04/07 · safeway 4-1 - 4-7.pdf', null) on conflict (canonical_product_id, feed_id, week_start) do update set week_end = excluded.week_end, ad_price = excluded.ad_price, effective_price = excluded.effective_price, match_confidence = excluded.match_confidence, price_type = excluded.price_type, is_baseline_fallback = excluded.is_baseline_fallback, source_label = excluded.source_label, offer_text = excluded.offer_text;
insert into weekly_price_observations (canonical_product_id, feed_id, week_start, week_end, ad_price, effective_price, match_confidence, price_type, is_baseline_fallback, source_label, offer_text) values ('tillamook_ice_cream', 'safeway_bay_area', '2026-05-06', '2026-05-12', 3.99, 3.99, 'medium', 'weekly_ad', false, 'Safeway weekly ad 05/06–05/12 · safeway 5-6 - 5-12.pdf', 'Tillamook Ice Cream 48-oz. 3.99 MEMBER PRICE clip') on conflict (canonical_product_id, feed_id, week_start) do update set week_end = excluded.week_end, ad_price = excluded.ad_price, effective_price = excluded.effective_price, match_confidence = excluded.match_confidence, price_type = excluded.price_type, is_baseline_fallback = excluded.is_baseline_fallback, source_label = excluded.source_label, offer_text = excluded.offer_text;
insert into weekly_price_observations (canonical_product_id, feed_id, week_start, week_end, ad_price, effective_price, match_confidence, price_type, is_baseline_fallback, source_label, offer_text) values ('tillamook_ice_cream', 'safeway_bay_area', '2026-05-12', '2026-05-19', null, 6.99, null, 'baseline', true, 'Safeway weekly ad 05/12–05/19 · safeway 5-12 - 5-19.pdf', null) on conflict (canonical_product_id, feed_id, week_start) do update set week_end = excluded.week_end, ad_price = excluded.ad_price, effective_price = excluded.effective_price, match_confidence = excluded.match_confidence, price_type = excluded.price_type, is_baseline_fallback = excluded.is_baseline_fallback, source_label = excluded.source_label, offer_text = excluded.offer_text;
insert into weekly_price_observations (canonical_product_id, feed_id, week_start, week_end, ad_price, effective_price, match_confidence, price_type, is_baseline_fallback, source_label, offer_text) values ('tillamook_ice_cream', 'safeway_bay_area', '2026-06-03', '2026-06-09', 3.99, 3.99, 'high', 'weekly_ad', false, 'Safeway weekly ad 06/03–06/09 · safeway 6-3 - 6-9.pdf', 'Tillamook Ice Cream') on conflict (canonical_product_id, feed_id, week_start) do update set week_end = excluded.week_end, ad_price = excluded.ad_price, effective_price = excluded.effective_price, match_confidence = excluded.match_confidence, price_type = excluded.price_type, is_baseline_fallback = excluded.is_baseline_fallback, source_label = excluded.source_label, offer_text = excluded.offer_text;
insert into weekly_price_observations (canonical_product_id, feed_id, week_start, week_end, ad_price, effective_price, match_confidence, price_type, is_baseline_fallback, source_label, offer_text) values ('tillamook_ice_cream', 'safeway_bay_area', '2026-06-10', '2026-06-16', null, 6.99, null, 'baseline', true, 'Safeway weekly ad 06/10–06/16 · safeway 6-10 - 6-16.pdf', null) on conflict (canonical_product_id, feed_id, week_start) do update set week_end = excluded.week_end, ad_price = excluded.ad_price, effective_price = excluded.effective_price, match_confidence = excluded.match_confidence, price_type = excluded.price_type, is_baseline_fallback = excluded.is_baseline_fallback, source_label = excluded.source_label, offer_text = excluded.offer_text;
